type,sample.sample_id,file_name,file_type,file_description,file_size,md5sum,file_url_in_cds,dcf_indexd_guid,image_modality,imaging_instrument_model,software_package,imaging_platform,checksum_algorithm,checksum_value,file_mapping_level
imaging_file,PAIZZZ,PAIZZZ-0ATDI7.tif,TIF,FFPE_H&E_Image," 2,979,871,119 ",,,,,,,,,,
imaging_file,PAJAGJ,PAJAGJ-0C0FQY_E_1.tif,TIF,FFPE_H&E_Image," 18,755,179,959 ",,,,,,,,,,
imaging_file,PAJAGJ,PAJAGJ-0C0FQZ_E_2.tif,TIF,FFPE_H&E_Image," 38,701,061,365 ",,,,,,,,,,
imaging_file,PAJAKA,PAJAKA-0BMIGF_1C.tif,TIF,FFPE_H&E_Image," 10,921,127,227 ",,,,,,,,,,
imaging_file,PAJALK,PAJALK-0BMX4G.tif,TIF,FFPE_H&E_Image," 30,788,918,909 ",,,,,,,,,,
imaging_file,PAJALV,PAJALV-0BMX4J_AC2.tif,TIF,FFPE_H&E_Image," 20,828,859,889 ",,,,,,,,,,
imaging_file,PAKHYN,PAKHYN-0BRTY7_D.tif,TIF,FFPE_H&E_Image," 6,346,773,407 ",,,,,,,,,,
imaging_file,PAKIET,PAKIET-0BMX4M_2.tif,TIF,FFPE_H&E_Image," 24,426,440,749 ",,,,,,,,,,
imaging_file,PAKJHG,PAKJHG-0BMX4S_A2.tif,TIF,FFPE_H&E_Image," 40,556,006,981 ",,,,,,,,,,
imaging_file,PAKKWT,PAKKWT-0BMX4V_B.tif,TIF,FFPE_H&E_Image," 3,178,533,911 ",,,,,,,,,,
imaging_file,PAKNTC,PAKNTC-0BMX4Y_BX.tif,TIF,FFPE_H&E_Image," 39,667,089,107 ",,,,,,,,,,
imaging_file,PAKPED,PAKPED-0BLRWF.tif,TIF,FFPE_H&E_Image," 9,049,054,775 ",,,,,,,,,,
imaging_file,PAKREB,PAKREB-0BO706_6C_1.tif,TIF,FFPE_H&E_Image," 13,808,673,775 ",,,,,,,,,,
imaging_file,PAKSEI,PAKSEI-0BRU1W.tif,TIF,FFPE_H&E_Image," 17,953,204,701 ",,,,,,,,,,
imaging_file,PAKTYJ,PAKTYJ-0BNA2E_1B.tif,TIF,FFPE_H&E_Image," 21,737,274,051 ",,,,,,,,,,
imaging_file,PAKXHZ,PAKXHZ-0BMX51_1K.tif,TIF,FFPE_H&E_Image," 35,405,368,449 ",,,,,,,,,,
imaging_file,PAKZRD,PAKZRD-0BMX54_A1.tif,TIF,FFPE_H&E_Image," 13,232,270,645 ",,,,,,,,,,
imaging_file,PALBLT,PALBLT-0BNA7K_9H.tif,TIF,FFPE_H&E_Image," 22,298,267,211 ",,,,,,,,,,
imaging_file,PALCNS,PALCNS-0BNAM9_1.tif,TIF,FFPE_H&E_Image," 19,601,559,193 ",,,,,,,,,,
imaging_file,PALHJZ,PALHJZ-0BMX4A.tif,TIF,FFPE_H&E_Image," 11,137,113,243 ",,,,,,,,,,
imaging_file,PALMHC,PALMHC-0ANPQ5_B3.tif,TIF,FFPE_H&E_Image," 15,180,329,045 ",,,,,,,,,,
imaging_file,PALMPL,PALMPL-0BMX5D_1.tif,TIF,FFPE_H&E_Image," 43,126,283,529 ",,,,,,,,,,
imaging_file,PALTNM,PALTNM-0BGUSY.tif,TIF,FFPE_H&E_Image," 1,478,401,097 ",,,,,,,,,,
imaging_file,PALWAA,PALWAA-0BLRWI.tif,TIF,FFPE_H&E_Image," 8,307,687,095 ",,,,,,,,,,
imaging_file,PALWNW,PALWNW-0BH98B.tif,TIF,FFPE_H&E_Image," 17,398,051,073 ",,,,,,,,,,
imaging_file,PALWZD,PALWZD-0BH98E.tif,TIF,FFPE_H&E_Image," 29,762,905,485 ",,,,,,,,,,
imaging_file,PAMAXZ,PAMAXZ-0BMX5P_B1.tif,TIF,FFPE_H&E_Image," 6,373,217,877 ",,,,,,,,,,
imaging_file,PAMFGS,PAMFGS-0BPMQS_2.tif,TIF,FFPE_H&E_Image," 22,666,853,035 ",,,,,,,,,,
imaging_file,PAMFXC,PAMFXC-0BMTSG_B1.tif,TIF,FFPE_H&E_Image," 13,596,434,675 ",,,,,,,,,,
imaging_file,PAMHCR,PAMHCR-0BH98H.tif,TIF,FFPE_H&E_Image," 1,756,222,175 ",,,,,,,,,,
imaging_file,PAMJNE,PAMJNE-0BLRWL.tif,TIF,FFPE_H&E_Image," 19,492,283,033 ",,,,,,,,,,
imaging_file,PAMLJE,PAMLJE-0BMX5Y.tif,TIF,FFPE_H&E_Image," 16,433,508,485 ",,,,,,,,,,
imaging_file,PAMMAU,PAMMAU-0BMX61.tif,TIF,FFPE_H&E_Image," 11,154,350,487 ",,,,,,,,,,
imaging_file,PAMSJL,PAMSJL-0BI53L.tif,TIF,FFPE_H&E_Image," 10,506,216,513 ",,,,,,,,,,
imaging_file,PAMTCY,PAMTCY-0BMX67.tif,TIF,FFPE_H&E_Image," 10,508,874,455 ",,,,,,,,,,
imaging_file,PAMTTX,PAMTTX-0BMX6A.tif,TIF,FFPE_H&E_Image," 2,436,506,063 ",,,,,,,,,,
imaging_file,PAMUXL,PAMUXL-0BGAOY.tif,TIF,FFPE_H&E_Image," 5,607,667,219 ",,,,,,,,,,
imaging_file,PAMVBG,PAMVBG-0BMX6J.tif,TIF,FFPE_H&E_Image," 10,437,168,173 ",,,,,,,,,,
imaging_file,PAMYPI,PAMYPI-0BMX6P.tif,TIF,FFPE_H&E_Image," 8,829,965,919 ",,,,,,,,,,
imaging_file,PAMZUH,PAMZUH-0BMX6S.tif,TIF,FFPE_H&E_Image," 1,898,438,527 ",,,,,,,,,,
imaging_file,PAMZYH,PAMZYH-0B46LI_2A-1.tif,TIF,FFPE_H&E_Image," 13,470,333,107 ",,,,,,,,,,
imaging_file,PANASJ,PANASJ-0BMX6V_1FS.tif,TIF,FFPE_H&E_Image," 1,594,797,229 ",,,,,,,,,,
imaging_file,PANAUY,PANAUY-0BGCIV.tif,TIF,FFPE_H&E_Image," 42,408,810,897 ",,,,,,,,,,
imaging_file,PANAZG,PANAZG-0BMX74_FP2.tif,TIF,FFPE_H&E_Image," 31,673,974,743 ",,,,,,,,,,
imaging_file,PANBXB,PANBXB-0BLRWO_1.tif,TIF,FFPE_H&E_Image," 13,478,329,187 ",,,,,,,,,,
imaging_file,PANBZD,PANBZD-0BMX77.tif,TIF,FFPE_H&E_Image," 3,298,731,773 ",,,,,,,,,,
imaging_file,PANDHP,PANDHP-0BFQUI.tif,TIF,FFPE_H&E_Image," 40,751,289,925 ",,,,,,,,,,
imaging_file,PANDZA,PANDZA-0BO70C_1.tif,TIF,FFPE_H&E_Image," 13,447,788,107 ",,,,,,,,,,
imaging_file,PANECC,PANECC-0BRTM6.tif,TIF,FFPE_H&E_Image," 17,770,121,185 ",,,,,,,,,,
imaging_file,PANETX,PANETX-0BMX7A_1.tif,TIF,FFPE_H&E_Image," 20,703,877,457 ",,,,,,,,,,
imaging_file,PANJXS,PANJXS-0BMX7D_A2.tif,TIF,FFPE_H&E_Image," 13,733,516,523 ",,,,,,,,,,
imaging_file,PANJXX,PANJXX-0BMX7G.tif,TIF,FFPE_H&E_Image," 14,531,093,591 ",,,,,,,,,,
imaging_file,PANNCS,PANNCS-0BMX8S_A4.tif,TIF,FFPE_H&E_Image," 2,595,581,931 ",,,,,,,,,,
imaging_file,PANRUT,PANRUT-0BMX8V.tif,TIF,FFPE_H&E_Image," 30,227,202,791 ",,,,,,,,,,
imaging_file,PANSLZ,PANSLZ-0BMX8Y_AC.tif,TIF,FFPE_H&E_Image," 30,015,172,747 ",,,,,,,,,,
imaging_file,PANSXX,PANSXX-0BH98K.tif,TIF,FFPE_H&E_Image," 11,004,021,093 ",,,,,,,,,,
imaging_file,PANVPH,PANVPH-0BMX94_2.tif,TIF,FFPE_H&E_Image," 28,612,432,019 ",,,,,,,,,,
imaging_file,PANWZV,PANWZV-0BI53O.tif,TIF,FFPE_H&E_Image," 5,846,531,647 ",,,,,,,,,,
imaging_file,PAPAPB,PAPAPB-0BLDJN.tif,TIF,FFPE_H&E_Image," 1,322,695,707 ",,,,,,,,,,
imaging_file,PAPBGW,PAPBGW-0BH98N.tif,TIF,FFPE_H&E_Image," 23,711,099,677 ",,,,,,,,,,
imaging_file,PAPBXZ,PAPBXZ-0BMUDT.tif,TIF,FFPE_H&E_Image," 9,970,762,907 ",,,,,,,,,,
imaging_file,PAPEXK,PAPEXK-0BMX97.tif,TIF,FFPE_H&E_Image," 31,163,394,125 ",,,,,,,,,,
imaging_file,PAPHVF,PAPHVF-0BGAP0.tif,TIF,FFPE_H&E_Image," 14,065,110,475 ",,,,,,,,,,
imaging_file,PAPJAD,PAPJAD-0BGUTB.tif,TIF,FFPE_H&E_Image," 26,497,554,327 ",,,,,,,,,,
imaging_file,PAPLYV,PAPLYV-0BLRWR.tif,TIF,FFPE_H&E_Image," 2,012,971,733 ",,,,,,,,,,
imaging_file,PAPMGC,PAPMGC-0BMX9A.tif,TIF,FFPE_H&E_Image," 2,978,564,259 ",,,,,,,,,,
imaging_file,PAPMWE,PAPMWE-0BN3N3_A2.tif,TIF,FFPE_H&E_Image," 3,076,362,959 ",,,,,,,,,,
imaging_file,PAPNAL,PAPNAL-0BGAP2.tif,TIF,FFPE_H&E_Image," 6,449,663,921 ",,,,,,,,,,
imaging_file,PAPREK,PAPREK-0BN3P0_1B.tif,TIF,FFPE_H&E_Image," 18,130,506,793 ",,,,,,,,,,
imaging_file,PAPRFM,PAPRFM-0BGAP3.tif,TIF,FFPE_H&E_Image," 1,565,915,941 ",,,,,,,,,,
imaging_file,PAPSHJ,PAPSHJ-0BLLX1_F6.tif,TIF,FFPE_H&E_Image," 6,898,836,147 ",,,,,,,,,,
imaging_file,PAPWFD,PAPWFD-0BLLX4.tif,TIF,FFPE_H&E_Image," 13,136,099,045 ",,,,,,,,,,
imaging_file,PAPXDL,PAPXDL-0BN3R7_B2.tif,TIF,FFPE_H&E_Image," 3,880,703,525 ",,,,,,,,,,
imaging_file,PAPXEN,PAPXEN-0BNBFR_D3.tif,TIF,FFPE_H&E_Image," 22,802,063,743 ",,,,,,,,,,
imaging_file,PAPXHD,PAPXHD-0BLDK7_A2.tif,TIF,FFPE_H&E_Image," 21,161,495,437 ",,,,,,,,,,
imaging_file,PAPYKF,PAPYKF-0BN3TC_A2.tif,TIF,FFPE_H&E_Image," 4,427,048,031 ",,,,,,,,,,
imaging_file,PAPYLE,PAPYLE-0BH98Q.tif,TIF,FFPE_H&E_Image," 2,413,049,235 ",,,,,,,,,,
imaging_file,PAPZLW,PAPZLW-0BPMV8_B.tif,TIF,FFPE_H&E_Image," 21,857,726,035 ",,,,,,,,,,
imaging_file,PARBED,PARBED-0BMIGR_A3.tif,TIF,FFPE_H&E_Image," 12,807,952,221 ",,,,,,,,,,
imaging_file,PARBRH,PARBRH-0BMIGX_B.tif,TIF,FFPE_H&E_Image," 36,498,523,775 ",,,,,,,,,,
imaging_file,PAREJI,PAREJI-0BPMZV_A2.tif,TIF,FFPE_H&E_Image," 19,820,097,585 ",,,,,,,,,,
imaging_file,PAREVH,PAREVH-0BI53R_B1.tif,TIF,FFPE_H&E_Image," 17,102,985,659 ",,,,,,,,,,
imaging_file,PARFKG,PARFKG-0BNN2H.tif,TIF,FFPE_H&E_Image," 13,893,777,143 ",,,,,,,,,,
imaging_file,PARFTT,PARFTT-0BGUTK_C3.tif,TIF,FFPE_H&E_Image," 35,858,032,911 ",,,,,,,,,,
imaging_file,PARFTU,PARFTU-0BGCLU_2.tif,TIF,FFPE_H&E_Image," 17,938,134,703 ",,,,,,,,,,
imaging_file,PARFXM,PARFXM-0BN46O_2.tif,TIF,FFPE_H&E_Image," 3,743,293,263 ",,,,,,,,,,
imaging_file,PARHZT,PARHZT-0BMX9M_1A.tif,TIF,FFPE_H&E_Image," 31,585,407,201 ",,,,,,,,,,
imaging_file,PARIAG,PARIAG-0AMRLF_1A.tif,TIF,FFPE_H&E_Image," 8,017,913,763 ",,,,,,,,,,
imaging_file,PARIVX,PARIVX-0BMIH3_B1.tif,TIF,FFPE_H&E_Image," 10,585,181,725 ",,,,,,,,,,
imaging_file,PARIXG,PARIXG-0BGAP5_5A.tif,TIF,FFPE_H&E_Image," 35,247,172,011 ",,,,,,,,,,
imaging_file,PARJFS,PARJFS-0AMMZZ.tif,TIF,FFPE_H&E_Image," 10,862,544,423 ",,,,,,,,,,
imaging_file,PARJIL,PARJIL-0BFQUP_5.tif,TIF,FFPE_H&E_Image," 22,734,438,935 ",,,,,,,,,,
imaging_file,PARJLL,PARJLL-0BO70I_1.tif,TIF,FFPE_H&E_Image," 25,761,844,573 ",,,,,,,,,,
imaging_file,PARJVB,PARJVB-0BGUTN_B5.tif,TIF,FFPE_H&E_Image," 37,607,223,829 ",,,,,,,,,,
imaging_file,PARKEV,PARKEV-0BMIH9_G2.tif,TIF,FFPE_H&E_Image," 2,436,902,525 ",,,,,,,,,,
imaging_file,PARKWI,PARKWI-0BGUTQ_A.tif,TIF,FFPE_H&E_Image," 7,367,831,493 ",,,,,,,,,,
imaging_file,PARLFB,PARLFB-0BI53U.tif,TIF,FFPE_H&E_Image," 2,199,795,749 ",,,,,,,,,,
imaging_file,PARLXP,PARLXP-0BPN2W_B6.tif,TIF,FFPE_H&E_Image," 21,366,034,281 ",,,,,,,,,,
imaging_file,PARMKD,PARMKD-0BNN8F_C.tif,TIF,FFPE_H&E_Image," 27,425,659,739 ",,,,,,,,,,
imaging_file,PARMPU,PARMPU-0BMIHI_9.tif,TIF,FFPE_H&E_Image," 20,710,656,867 ",,,,,,,,,,
imaging_file,PARNED,PARNED-0BNNF4_B2-RAW.tif,TIF,FFPE_H&E_Image," 18,305,631,115 ",,,,,,,,,,
imaging_file,PARNJS,PARNJS-0BPN9E_FP2_RAW.tif,TIF,FFPE_H&E_Image," 31,804,708,953 ",,,,,,,,,,
imaging_file,PARNVT,PARNVT-0BNABB_5_RAW.tif,TIF,FFPE_H&E_Image," 32,982,810,217 ",,,,,,,,,,
imaging_file,PARPDV,PARPDV-0BLRWU_A2_RAW.tif,TIF,FFPE_H&E_Image," 12,535,539,831 ",,,,,,,,,,
imaging_file,PARPEI,PARPEI-OBMIHX_C_RAW.tif,TIF,FFPE_H&E_Image," 9,031,157,097 ",,,,,,,,,,
imaging_file,PARRXG,PARRXG-0BLRWX_3.tif,TIF,FFPE_H&E_Image," 31,859,735,715 ",,,,,,,,,,
imaging_file,PARSYF,PARSYF-0BPNCG_B.tif,TIF,FFPE_H&E_Image," 6,117,476,197 ",,,,,,,,,,
imaging_file,PARSZK,PARSZK-0BH98T_B8.tif,TIF,FFPE_H&E_Image," 12,011,619,661 ",,,,,,,,,,
imaging_file,PARTAZ,PARTAZ-0BNAIA_A8.tif,TIF,FFPE_H&E_Image," 16,950,420,241 ",,,,,,,,,,
imaging_file,PARTEW,PARTEW-0BMII3_B14.tif,TIF,FFPE_H&E_Image," 24,779,309,865 ",,,,,,,,,,
imaging_file,PARTJV,PARTJV-0BMII6_C3.tif,TIF,FFPE_H&E_Image," 9,371,169,151 ",,,,,,,,,,
imaging_file,PARVES,PARVES-0BLWNM_B.tif,TIF,FFPE_H&E_Image," 2,494,983,803 ",,,,,,,,,,
imaging_file,PARVTP,PARVTP-0BMIIC_A4.tif,TIF,FFPE_H&E_Image," 29,474,041,811 ",,,,,,,,,,
imaging_file,PARWUG,PARWUG-0BMIIF_A2.tif,TIF,FFPE_H&E_Image," 8,904,019,189 ",,,,,,,,,,
imaging_file,PARXGP,PARXGP-0BMIII_A18.tif,TIF,FFPE_H&E_Image," 17,488,397,491 ",,,,,,,,,,
imaging_file,PARXLA,PARXLA-0BNB6L_A9.tif,TIF,FFPE_H&E_Image," 33,821,357,831 ",,,,,,,,,,
imaging_file,PARYFU,PARYFU-0BGAP8_A1.tif,TIF,FFPE_H&E_Image," 513,562,855 ",,,,,,,,,,
imaging_file,PARYJE,PARYJE-0BGUTT.tif,TIF,FFPE_H&E_Image," 1,800,551,921 ",,,,,,,,,,
imaging_file,PARZFY,PARZFY-0BGUTW_1.tif,TIF,FFPE_H&E_Image," 1,917,058,881 ",,,,,,,,,,
imaging_file,PARZJF,PARZJF-0B1DI6_A1.tif,TIF,FFPE_H&E_Image," 31,675,941,081 ",,,,,,,,,,
imaging_file,PASAVP,PASAVP-0BNBR1_B6.tif,TIF,FFPE_H&E_Image," 33,720,507,529 ",,,,,,,,,,
imaging_file,PASAYC,PASAYC-0BFQUY_C1.tif,TIF,FFPE_H&E_Image," 22,079,944,533 ",,,,,,,,,,
imaging_file,PASBZB,PASBZB-0BNBUQ_B1.tif,TIF,FFPE_H&E_Image," 3,525,001,249 ",,,,,,,,,,
imaging_file,PASCRX,PASCRX-0BNC8T_A13.tif,TIF,FFPE_H&E_Image," 17,454,265,917 ",,,,,,,,,,
imaging_file,PASCSM,PASCSM-0BI53X_B1.tif,TIF,FFPE_H&E_Image," 8,013,129,349 ",,,,,,,,,,
imaging_file,PASDIL,PASDIL-0BMIIX_C7.tif,TIF,FFPE_H&E_Image," 21,159,074,117 ",,,,,,,,,,
imaging_file,PASDRI,PASDRI-0BRSLL_B1.tif,TIF,FFPE_H&E_Image," 22,234,582,195 ",,,,,,,,,,
imaging_file,PASDXS,PASDXS-0BRSV3_1D.tif,TIF,FFPE_H&E_Image," 18,725,516,037 ",,,,,,,,,,
imaging_file,PASDYC,PASDYC-0BQPB4_8_1.tif,TIF,FFPE_H&E_Image," 27,803,484,573 ",,,,,,,,,,
imaging_file,PASEDI,PASEDI-0BRSY4_B2.tif,TIF,FFPE_H&E_Image," 2,381,514,587 ",,,,,,,,,,
imaging_file,PASEMM,PASEMM-0BGAPB_B4.tif,TIF,FFPE_H&E_Image," 22,633,214,171 ",,,,,,,,,,
imaging_file,PASFGK,PASFGK-0BRSZE_2H.tif,TIF,FFPE_H&E_Image," 35,809,886,981 ",,,,,,,,,,
imaging_file,PASFPN,PASFPN-0BRT63_1A.tif,TIF,FFPE_H&E_Image," 28,153,771,237 ",,,,,,,,,,
imaging_file,PASFRU,PASFRU-0BFT6Q_4.tif,TIF,FFPE_H&E_Image," 31,417,253,261 ",,,,,,,,,,
imaging_file,PASFWG,PASFWG-0BRTEB_3D.tif,TIF,FFPE_H&E_Image," 33,423,681,275 ",,,,,,,,,,
imaging_file,PASFYZ,PASFYZ-0BRTH8_2.tif,TIF,FFPE_H&E_Image," 2,388,475,105 ",,,,,,,,,,
imaging_file,PASFZV,PASFZV-0BI540.tif,TIF,FFPE_H&E_Image," 2,308,838,767 ",,,,,,,,,,
imaging_file,PASGCC,PASGCC-0BRTGL.tif,TIF,FFPE_H&E_Image," 12,038,444,493 ",,,,,,,,,,
imaging_file,PASGTU,PASGTU-0BRTIY_2J.tif,TIF,FFPE_H&E_Image," 31,218,455,387 ",,,,,,,,,,
imaging_file,PASGUG,PASGUG-0BRTHV_A22.tif,TIF,FFPE_H&E_Image," 20,650,994,885 ",,,,,,,,,,
imaging_file,PASGZC,PASGZC-0BJMSX_B3.tif,TIF,FFPE_H&E_Image," 23,719,495,347 ",,,,,,,,,,
imaging_file,PASHDC,PASHDC-0BRTJG_B2.tif,TIF,FFPE_H&E_Image," 22,020,702,573 ",,,,,,,,,,
imaging_file,PASHJF,PASHJF-0BRTK8_B1.tif,TIF,FFPE_H&E_Image," 7,338,558,031 ",,,,,,,,,,
imaging_file,PASIKX,PASIKX-0BNCR7_4.tif,TIF,FFPE_H&E_Image," 22,801,952,351 ",,,,,,,,,,
imaging_file,PASIVM,PASIVM-0BGUTZ_A3.tif,TIF,FFPE_H&E_Image," 20,240,918,325 ",,,,,,,,,,
imaging_file,PASIWI,PASIWI-0BNCTC_A6.tif,TIF,FFPE_H&E_Image," 25,810,587,765 ",,,,,,,,,,
imaging_file,PASJIW,PASJIW-0BPNQT_1B.tif,TIF,FFPE_H&E_Image," 25,248,774,057 ",,,,,,,,,,
imaging_file,PASJPR,PASJPR-0BLLX7_B2.tif,TIF,FFPE_H&E_Image," 15,368,184,323 ",,,,,,,,,,
imaging_file,PASKFT,PASKFT-0BG4X8_1D.tif,TIF,FFPE_H&E_Image," 34,978,281,787 ",,,,,,,,,,
imaging_file,PASKWV,PASKWV-0BMX9V.tif,TIF,FFPE_H&E_Image," 17,523,801,097 ",,,,,,,,,,
imaging_file,PASLCB,PASLCB-0BLRX0_B1.tif,TIF,FFPE_H&E_Image," 19,077,410,513 ",,,,,,,,,,
imaging_file,PASLZS,PASLZS-0BPNTF_B1.tif,TIF,FFPE_H&E_Image," 14,621,453,945 ",,,,,,,,,,
imaging_file,PASMPK,PASMPK-0BMX9Y_B.tif,TIF,FFPE_H&E_Image," 17,378,553,337 ",,,,,,,,,,
imaging_file,PASNWB,PASNWB-0BNE28_H.tif,TIF,FFPE_H&E_Image," 29,075,713,327 ",,,,,,,,,,
imaging_file,PASPLN,PASPLN-0BGFB6_1.tif,TIF,FFPE_H&E_Image," 3,372,394,539 ",,,,,,,,,,
imaging_file,PASRNA,PASRNA-0BLRX3.tif,TIF,FFPE_H&E_Image," 8,444,687,445 ",,,,,,,,,,
imaging_file,PASRNN,PASRNN-0BLRX9_2A.tif,TIF,FFPE_H&E_Image," 4,903,648,937 ",,,,,,,,,,
imaging_file,PASSAT,PASSAT-0AMRLX_B2.tif,TIF,FFPE_H&E_Image," 9,241,399,517 ",,,,,,,,,,
imaging_file,PASSHU,PASSHU-0BMXA1_5.tif,TIF,FFPE_H&E_Image," 19,736,114,545 ",,,,,,,,,,
imaging_file,PASSKI,PASSKI-0BLLXA_B.tif,TIF,FFPE_H&E_Image," 8,428,346,457 ",,,,,,,,,,
imaging_file,PASSSN,PASSSN-0BLRXC_B9.tif,TIF,FFPE_H&E_Image," 30,285,642,753 ",,,,,,,,,,
imaging_file,PASTMB,PASTMB-0BN9G3_1A.tif,TIF,FFPE_H&E_Image," 2,727,124,509 ",,,,,,,,,,
imaging_file,PASTPC,PASTPC-0BH98W.tif,TIF,FFPE_H&E_Image," 18,123,645,633 ",,,,,,,,,,
imaging_file,PASUVK,PASUVK-0BLWNP.tif,TIF,FFPE_H&E_Image," 7,102,073,117 ",,,,,,,,,,
imaging_file,PASUYA,PASUYA-0BLRXF_B6.tif,TIF,FFPE_H&E_Image," 25,111,484,409 ",,,,,,,,,,
imaging_file,PASVLS,PASVLS-0BRUPT_1H.tif,TIF,FFPE_H&E_Image," 24,126,333,529 ",,,,,,,,,,
imaging_file,PASVWJ,PASVWJ-0BRU8W_C.tif,TIF,FFPE_H&E_Image," 7,164,518,625 ",,,,,,,,,,
imaging_file,PASVYH,PASVYH-0BRUAH_A1.tif,TIF,FFPE_H&E_Image," 12,972,250,205 ",,,,,,,,,,
imaging_file,PASWGU,PASWGU-0BRU93.tif,TIF,FFPE_H&E_Image," 6,309,343,269 ",,,,,,,,,,
imaging_file,PASWHD,PASWHD-0BGUU5_A1.tif,TIF,FFPE_H&E_Image," 589,286,295 ",,,,,,,,,,
imaging_file,PASWIH,PASWIH-0BMXA4_B3.tif,TIF,FFPE_H&E_Image," 32,845,712,981 ",,,,,,,,,,
imaging_file,PASWJV,PASWJV-0BMXA7_A08.tif,TIF,FFPE_H&E_Image," 29,954,533,203 ",,,,,,,,,,
imaging_file,PASXLW,PASXLW-0BQPB5_A3_1.tif,TIF,FFPE_H&E_Image," 14,415,876,651 ",,,,,,,,,,
imaging_file,PASXRR,PASXRR-0BRV59.tif,TIF,FFPE_H&E_Image," 27,176,686,255 ",,,,,,,,,,
imaging_file,PASXRZ,PASXRZ-0BRV67_A6.tif,TIF,FFPE_H&E_Image," 16,924,273,035 ",,,,,,,,,,
imaging_file,PASXTY,PASXTY-0BRUVU_A13.tif,TIF,FFPE_H&E_Image," 19,176,377,953 ",,,,,,,,,,
imaging_file,PASXWK,PASXWK-0BRV6M_A2.tif,TIF,FFPE_H&E_Image," 3,026,919,691 ",,,,,,,,,,
imaging_file,PASXXC,PASXXC-0BRV7C_C1.tif,TIF,FFPE_H&E_Image," 11,000,326,509 ",,,,,,,,,,
imaging_file,PASXYZ,PASXYZ-0BRVBR_A1.tif,TIF,FFPE_H&E_Image," 4,127,476,633 ",,,,,,,,,,
imaging_file,PASXZU,PASXZU-0BRV7M_A2.tif,TIF,FFPE_H&E_Image," 24,190,780,339 ",,,,,,,,,,
imaging_file,PASYFC,PASYFC-0BRVAC_A1.tif,TIF,FFPE_H&E_Image," 7,314,619,139 ",,,,,,,,,,
imaging_file,PASYIZ,PASYIZ-0BNF0J_10.tif,TIF,FFPE_H&E_Image," 18,584,142,717 ",,,,,,,,,,
imaging_file,PASYKR,PASYKR-0BRV8T_B1.tif,TIF,FFPE_H&E_Image," 8,696,260,121 ",,,,,,,,,,
imaging_file,PASZEU,PASZEU-0BNF28_G.tif,TIF,FFPE_H&E_Image," 29,151,751,039 ",,,,,,,,,,
imaging_file,PASZFA,PASZFA-0BNF57_A2.tif,TIF,FFPE_H&E_Image," 9,103,533,369 ",,,,,,,,,,
imaging_file,PASZXP,PASZXP-0BGFNG_A2.tif,TIF,FFPE_H&E_Image," 32,732,151,371 ",,,,,,,,,,
imaging_file,PATADR,PATADR-0BG4XS_K.tif,TIF,FFPE_H&E_Image," 27,128,079,025 ",,,,,,,,,,
imaging_file,PATAPN,PATAPN-0B93MG_A3.tif,TIF,FFPE_H&E_Image," 6,270,210,967 ",,,,,,,,,,
imaging_file,PATAXC,PATAXC-0BNF68_1C.tif,TIF,FFPE_H&E_Image," 16,232,795,485 ",,,,,,,,,,
imaging_file,PATBPM,PATBPM-0BQPB6_A1_1.tif,TIF,FFPE_H&E_Image," 3,246,837,017 ",,,,,,,,,,
imaging_file,PATBYY,PATBYY-0BLHQR_B.tif,TIF,FFPE_H&E_Image," 3,417,893,201 ",,,,,,,,,,
imaging_file,PATCNR,PATCNR-0BGFPP_A2.tif,TIF,FFPE_H&E_Image," 23,775,885,661 ",,,,,,,,,,
imaging_file,PATDIG,PATDIG-0BI543_B.tif,TIF,FFPE_H&E_Image," 11,929,887,649 ",,,,,,,,,,
imaging_file,PATDZG,PATDZG-0BG4YO_A2.tif,TIF,FFPE_H&E_Image," 20,847,419,025 ",,,,,,,,,,
imaging_file,PATDZX,PATDZX-0BPNYP.tif,TIF,FFPE_H&E_Image," 9,008,357,701 ",,,,,,,,,,
imaging_file,PATHNY,PATHNY-0BGLI3_1A.tif,TIF,FFPE_H&E_Image," 27,129,705,641 ",,,,,,,,,,
imaging_file,PATHRZ,PATHRZ-0BIZVS_B1.tif,TIF,FFPE_H&E_Image," 7,070,244,749 ",,,,,,,,,,
imaging_file,PATIGD,PATIGD-0BNGAB_C1.tif,TIF,FFPE_H&E_Image," 2,880,757,105 ",,,,,,,,,,
imaging_file,PATJHZ,PATJHZ-0BI546_A4.tif,TIF,FFPE_H&E_Image," 15,568,911,879 ",,,,,,,,,,
imaging_file,PATJUF,PATJUF-0B6PSN_1A.tif,TIF,FFPE_H&E_Image," 23,507,040,087 ",,,,,,,,,,
imaging_file,PATKBC,PATKBC-0BLHQW_A3.tif,TIF,FFPE_H&E_Image," 26,382,296,973 ",,,,,,,,,,
imaging_file,PATKBG,PATKBG-0BGLIH.tif,TIF,FFPE_H&E_Image," 17,778,394,607 ",,,,,,,,,,
imaging_file,PATKKB,PATKKB-0BGFQI.tif,TIF,FFPE_H&E_Image," 5,443,307,167 ",,,,,,,,,,
imaging_file,PATKRX,PATKRX-0BGFT4.tif,TIF,FFPE_H&E_Image," 2,327,782,099 ",,,,,,,,,,
imaging_file,PATKWC,PATKWC-0B6PU0_1A.tif,TIF,FFPE_H&E_Image," 4,432,886,615 ",,,,,,,,,,
imaging_file,PATLBW,PATLBW-0B6Q0O_A1.tif,TIF,FFPE_H&E_Image," 3,052,366,781 ",,,,,,,,,,
imaging_file,PATLHR,PATLHR-0B6Q5K_1A.tif,TIF,FFPE_H&E_Image," 24,009,049,121 ",,,,,,,,,,
imaging_file,PATLJL,PATLJL-0BLDL6.tif,TIF,FFPE_H&E_Image," 2,680,076,841 ",,,,,,,,,,
imaging_file,PATLTX,PATLTX-0B6QCQ.tif,TIF,FFPE_H&E_Image," 4,092,671,551 ",,,,,,,,,,
imaging_file,PATLYX,PATLYX-0B6QD8_A.tif,TIF,FFPE_H&E_Image," 24,099,217,279 ",,,,,,,,,,
imaging_file,PATMAZ,PATMAZ-0BLHRW.tif,TIF,FFPE_H&E_Image," 3,439,984,355 ",,,,,,,,,,
imaging_file,PATMDI,PATMDI-0B6QGF.tif,TIF,FFPE_H&E_Image," 2,834,724,979 ",,,,,,,,,,
imaging_file,PATMKF,PATMKF-0BGLJ2.tif,TIF,FFPE_H&E_Image," 21,433,472,959 ",,,,,,,,,,
imaging_file,PATMPD,PATMPD-0B6QLY.tif,TIF,FFPE_H&E_Image," 13,483,410,959 ",,,,,,,,,,
imaging_file,PATMRM,PATMRM-0B6QMA_A2.tif,TIF,FFPE_H&E_Image," 20,493,627,387 ",,,,,,,,,,
imaging_file,PATMSL,PATMSL-0B6QPX_S.tif,TIF,FFPE_H&E_Image," 28,681,494,147 ",,,,,,,,,,
imaging_file,PATMYX,PATMYX-0B6R0P_A4.tif,TIF,FFPE_H&E_Image," 20,876,327,627 ",,,,,,,,,,
imaging_file,PATNGT,PATNGT-0B6R6C.tif,TIF,FFPE_H&E_Image," 16,665,741,915 ",,,,,,,,,,
imaging_file,PATNPC,PATNPC-0B6RB3_A1.tif,TIF,FFPE_H&E_Image," 13,475,383,877 ",,,,,,,,,,
imaging_file,PATNPK,PATNPK-0BGHB0.tif,TIF,FFPE_H&E_Image," 4,250,032,801 ",,,,,,,,,,
imaging_file,PATNVW,PATNVW-0BGIGS.tif,TIF,FFPE_H&E_Image," 11,110,662,959 ",,,,,,,,,,
imaging_file,PATNYZ,PATNYZ-0BGLKH.tif,TIF,FFPE_H&E_Image," 33,832,724,619 ",,,,,,,,,,
imaging_file,PATNZF,PATNZF-0BLHTD.tif,TIF,FFPE_H&E_Image," 10,301,678,949 ",,,,,,,,,,
imaging_file,PATPAS,PATPAS-0B6RDI_B3.tif,TIF,FFPE_H&E_Image," 26,063,858,245 ",,,,,,,,,,
imaging_file,PATPDS,PATPDS-0B6RVH_1A.tif,TIF,FFPE_H&E_Image," 3,688,914,117 ",,,,,,,,,,
imaging_file,PATPIS,PATPIS-0B5S2M_A1.tif,TIF,FFPE_H&E_Image," 1,649,416,029 ",,,,,,,,,,
imaging_file,PATPTK,PATPTK-0BGLLR.tif,TIF,FFPE_H&E_Image," 10,680,714,165 ",,,,,,,,,,
imaging_file,PATPXA,PATPXA-0BGCWV.tif,TIF,FFPE_H&E_Image," 3,076,303,917 ",,,,,,,,,,
imaging_file,PATPXV,PATPXV-0B6SJ1_A14.tif,TIF,FFPE_H&E_Image," 30,961,803,865 ",,,,,,,,,,
imaging_file,PATRTV,PATRTV-0B6SW5_2C.tif,TIF,FFPE_H&E_Image," 25,328,470,821 ",,,,,,,,,,
imaging_file,PATRYN,PATRYN-0BLHVY.tif,TIF,FFPE_H&E_Image," 4,296,508,111 ",,,,,,,,,,
imaging_file,PATSHL,PATSHL-0BGIHR.tif,TIF,FFPE_H&E_Image," 13,481,975,327 ",,,,,,,,,,
imaging_file,PATSLK,PATSLK-0B6TAN.tif,TIF,FFPE_H&E_Image," 32,107,586,645 ",,,,,,,,,,
imaging_file,PATSND,PATSND-0B6TL9_C1.tif,TIF,FFPE_H&E_Image," 6,560,843,177 ",,,,,,,,,,
imaging_file,PATSZM,PATSZM-0BGIKW.tif,TIF,FFPE_H&E_Image," 10,437,394,239 ",,,,,,,,,,
imaging_file,PATTKC,PATTKC-0BH98Z.tif,TIF,FFPE_H&E_Image," 7,564,042,209 ",,,,,,,,,,
imaging_file,PATTTV,PATTTV-0BI549.tif,TIF,FFPE_H&E_Image," 5,496,502,823 ",,,,,,,,,,
imaging_file,PATUNA,PATUNA-0BLHWN.tif,TIF,FFPE_H&E_Image," 9,929,111,893 ",,,,,,,,,,
imaging_file,PATVLS,PATVLS-0BNI27.tif,TIF,FFPE_H&E_Image," 23,687,278,313 ",,,,,,,,,,
imaging_file,PATVPL,PATVPL-0B6TQ8_A1.tif,TIF,FFPE_H&E_Image," 7,562,503,877 ",,,,,,,,,,
imaging_file,PATWBI,PATWBI-0BLHWY.tif,TIF,FFPE_H&E_Image," 2,622,549,523 ",,,,,,,,,,
imaging_file,PATWRT,PATWRT-0BGD2T.tif,TIF,FFPE_H&E_Image," 11,300,193,175 ",,,,,,,,,,
imaging_file,PATWUJ,PATWUJ-0BLHXE.tif,TIF,FFPE_H&E_Image," 24,477,707,269 ",,,,,,,,,,
imaging_file,PATWZG,PATWZG-0BLHY1.tif,TIF,FFPE_H&E_Image," 11,740,521,347 ",,,,,,,,,,
imaging_file,PATXEX,PATXEX-0BN8SM.tif,TIF,FFPE_H&E_Image," 15,300,001,877 ",,,,,,,,,,
imaging_file,PATXGA,PATXGA-0BN92R.tif,TIF,FFPE_H&E_Image," 45,145,659,803 ",,,,,,,,,,
imaging_file,PATXJE,PATXJE-0BJFO0.tif,TIF,FFPE_H&E_Image," 8,408,804,519 ",,,,,,,,,,
imaging_file,PATXNW,PATXNW-0B6TRV_1B.tif,TIF,FFPE_H&E_Image," 13,435,167,551 ",,,,,,,,,,
imaging_file,PATXVU,PATXVU-0B6TWP_A1.tif,TIF,FFPE_H&E_Image," 14,687,197,841 ",,,,,,,,,,
imaging_file,PATYHY,PATYHY-0BNHHY.tif,TIF,FFPE_H&E_Image," 24,603,348,061 ",,,,,,,,,,
imaging_file,PATYWR,PATYWR-0BGAPH.tif,TIF,FFPE_H&E_Image," 4,326,232,023 ",,,,,,,,,,
imaging_file,PATYWU,PATYWU-0BLHZP.tif,TIF,FFPE_H&E_Image," 13,219,710,527 ",,,,,,,,,,
imaging_file,PATYYW,PATYYW-0B6U6M_A2.tif,TIF,FFPE_H&E_Image," 18,642,857,513 ",,,,,,,,,,
imaging_file,PATZBV,PATZBV-0BN94E.tif,TIF,FFPE_H&E_Image," 8,214,354,067 ",,,,,,,,,,
imaging_file,PATZDM,PATZDM-0B6UBZ_2.tif,TIF,FFPE_H&E_Image," 13,665,154,833 ",,,,,,,,,,
imaging_file,PATZHV,PATZHV-0BLI0T.tif,TIF,FFPE_H&E_Image," 1,757,974,585 ",,,,,,,,,,
imaging_file,PATZJS,PATZJS-0BLLXD.tif,TIF,FFPE_H&E_Image," 5,321,191,735 ",,,,,,,,,,
imaging_file,PATZPA,PATZPA-0BGHC1.tif,TIF,FFPE_H&E_Image," 9,808,756,827 ",,,,,,,,,,
imaging_file,PAUADS,PAUADS-0BGKMU.tif,TIF,FFPE_H&E_Image," 8,519,134,223 ",,,,,,,,,,
imaging_file,PAUAHN,PAUAHN-0BGKNJ.tif,TIF,FFPE_H&E_Image," 12,905,686,165 ",,,,,,,,,,
imaging_file,PAUAKZ,PAUAKZ-0B6UIB_7.tif,TIF,FFPE_H&E_Image," 36,223,838,927 ",,,,,,,,,,
imaging_file,PAUARR,PAUARR-0BNHMY.tif,TIF,FFPE_H&E_Image," 27,097,756,347 ",,,,,,,,,,
imaging_file,PAUBBY,PAUBBY-0BN98C.tif,TIF,FFPE_H&E_Image," 32,424,676,769 ",,,,,,,,,,
imaging_file,PAUBIR,PAUBIR-0BNHP9.tif,TIF,FFPE_H&E_Image," 18,479,417,515 ",,,,,,,,,,
imaging_file,PAUBJN,PAUBJN-0BGKO8.tif,TIF,FFPE_H&E_Image," 17,689,677,471 ",,,,,,,,,,
imaging_file,PAUBRI,PAUBRI-0BNHTO.tif,TIF,FFPE_H&E_Image," 21,365,451,991 ",,,,,,,,,,
imaging_file,PAUBXX,PAUBXX-0BG50I.tif,TIF,FFPE_H&E_Image," 6,297,094,851 ",,,,,,,,,,
imaging_file,PAUCAX,PAUCAX-0BGD4U.tif,TIF,FFPE_H&E_Image," 11,984,857,323 ",,,,,,,,,,
imaging_file,PAUCLD,PAUCLD-0BN9AA.tif,TIF,FFPE_H&E_Image," 14,181,481,333 ",,,,,,,,,,
imaging_file,PAUDIZ,PAUDIZ-0BGF7V.tif,TIF,FFPE_H&E_Image," 6,425,604,293 ",,,,,,,,,,
imaging_file,PAUEDW,PAUEDW-0BHH7B.tif,TIF,FFPE_H&E_Image," 7,758,663,687 ",,,,,,,,,,
imaging_file,PAUEHI,PAUEHI-0B6USH_1E.tif,TIF,FFPE_H&E_Image," 43,997,629,145 ",,,,,,,,,,
imaging_file,PAUENM,PAUENM-0BNI33.tif,TIF,FFPE_H&E_Image," 5,333,095,719 ",,,,,,,,,,
imaging_file,PAUFGC,PAUFGC-0BGM0W.tif,TIF,FFPE_H&E_Image," 22,656,878,875 ",,,,,,,,,,
imaging_file,PAUFIG,PAUFIG-0B6VUX_A2.tif,TIF,FFPE_H&E_Image," 12,924,550,511 ",,,,,,,,,,
imaging_file,PAUFNF,PAUFNF-0BLEN6.tif,TIF,FFPE_H&E_Image," 11,684,483,461 ",,,,,,,,,,
imaging_file,PAUFPI,PAUFPI-0BLI33.tif,TIF,FFPE_H&E_Image," 3,823,549,265 ",,,,,,,,,,
imaging_file,PAUFYP,PAUFYP-0BHH7M.tif,TIF,FFPE_H&E_Image," 15,085,501,829 ",,,,,,,,,,
imaging_file,PAUGAY,PAUGAY-0BLI3E.tif,TIF,FFPE_H&E_Image," 29,563,651,547 ",,,,,,,,,,
imaging_file,PAUGRM,PAUGRM-0BLI3R.tif,TIF,FFPE_H&E_Image," 27,368,424,519 ",,,,,,,,,,
imaging_file,PAUHAC,PAUHAC-0BHH6Y.tif,TIF,FFPE_H&E_Image," 4,688,550,413 ",,,,,,,,,,
imaging_file,PAUHTW,PAUHTW-0BJFOV.tif,TIF,FFPE_H&E_Image," 11,601,877,055 ",,,,,,,,,,
imaging_file,PAUHVM,PAUHVM-0BGHCL.tif,TIF,FFPE_H&E_Image," 6,206,655,141 ",,,,,,,,,,
imaging_file,PAUIFW,PAUIFW-0BGKPH.tif,TIF,FFPE_H&E_Image," 24,232,167,565 ",,,,,,,,,,
imaging_file,PAUIKL,PAUIKL-0BI54L.tif,TIF,FFPE_H&E_Image," 10,169,793,093 ",,,,,,,,,,
imaging_file,PAUIPE,PAUIPE-0BLENI.tif,TIF,FFPE_H&E_Image," 10,483,932,975 ",,,,,,,,,,
imaging_file,PAUISA,PAUISA-0BLER4.tif,TIF,FFPE_H&E_Image," 6,059,663,217 ",,,,,,,,,,
imaging_file,PAUJIX,PAUJIX-0BN9GG.tif,TIF,FFPE_H&E_Image," 3,558,458,023 ",,,,,,,,,,
imaging_file,PAUJJR,PAUJJR-0BGD69.tif,TIF,FFPE_H&E_Image," 4,652,234,149 ",,,,,,,,,,
imaging_file,PAUJPV,PAUJPV-0BNM7F.tif,TIF,FFPE_H&E_Image," 15,798,392,587 ",,,,,,,,,,
imaging_file,PAUJYJ,PAUJYJ-0BMXAG.tif,TIF,FFPE_H&E_Image," 30,129,272,829 ",,,,,,,,,,
imaging_file,PAUJZI,PAUJZI-0BHH5R.tif,TIF,FFPE_H&E_Image," 43,173,922,597 ",,,,,,,,,,
imaging_file,PAUKGK,PAUKGK-0BGUUQ.tif,TIF,FFPE_H&E_Image," 4,536,095,707 ",,,,,,,,,,
imaging_file,PAUKHP,PAUKHP-0B6VVA_C.tif,TIF,FFPE_H&E_Image," 2,134,453,179 ",,,,,,,,,,
imaging_file,PAUKIG,PAUKIG-0BNMAQ.tif,TIF,FFPE_H&E_Image," 27,433,541,645 ",,,,,,,,,,
imaging_file,PAUKJG,PAUKJG-0BO70O.tif,TIF,FFPE_H&E_Image," 11,702,421,325 ",,,,,,,,,,
imaging_file,PAUKMC,PAUKMC-0BNMDA.tif,TIF,FFPE_H&E_Image," 4,755,734,459 ",,,,,,,,,,
imaging_file,PAUKNM,PAUKNM-0BLES4.tif,TIF,FFPE_H&E_Image," 24,797,144,249 ",,,,,,,,,,
imaging_file,PAUKPD,PAUKPD-0BN9IM.tif,TIF,FFPE_H&E_Image," 1,953,088,077 ",,,,,,,,,,
imaging_file,PAUKPW,PAUKPW-0B6W1J.tif,TIF,FFPE_H&E_Image," 10,291,490,461 ",,,,,,,,,,
imaging_file,PAULSR,PAULSR-0BJHL5.tif,TIF,FFPE_H&E_Image," 11,070,035,851 ",,,,,,,,,,
imaging_file,PAULVU,PAULVU-0BHLYB.tif,TIF,FFPE_H&E_Image," 8,895,710,243 ",,,,,,,,,,
imaging_file,PAULZG,PAULZG-0BNA1Z.tif,TIF,FFPE_H&E_Image," 2,403,054,137 ",,,,,,,,,,
imaging_file,PAUMGG,PAUMGG-0BLFTM.tif,TIF,FFPE_H&E_Image," 13,917,984,201 ",,,,,,,,,,
imaging_file,PAUMHN,PAUMHN-0BNMFQ.tif,TIF,FFPE_H&E_Image," 41,360,763,697 ",,,,,,,,,,
imaging_file,PAUMJF,PAUMJF-0BNMH6.tif,TIF,FFPE_H&E_Image," 12,380,752,333 ",,,,,,,,,,
imaging_file,PAUMLA,PAUMLA-0BNMLZ.tif,TIF,FFPE_H&E_Image," 24,448,559,107 ",,,,,,,,,,
imaging_file,PAUNHP,PAUNHP-0BLFSJ.tif,TIF,FFPE_H&E_Image," 20,721,757,049 ",,,,,,,,,,
imaging_file,PAUNLH,PAUNLH-0BLEUL.tif,TIF,FFPE_H&E_Image," 12,933,149,653 ",,,,,,,,,,
imaging_file,PAUNSE,PAUNSE-0BHLXX.tif,TIF,FFPE_H&E_Image," 14,890,460,487 ",,,,,,,,,,
imaging_file,PAUNUC,PAUNUC-0BHM39.tif,TIF,FFPE_H&E_Image," 21,530,059,049 ",,,,,,,,,,
imaging_file,PAUPGR,PAUPGR-0BHM5B.tif,TIF,FFPE_H&E_Image," 6,206,647,069 ",,,,,,,,,,
imaging_file,PAUPLR,PAUPLR-0BHLQ0.tif,TIF,FFPE_H&E_Image," 16,000,008,153 ",,,,,,,,,,
imaging_file,PAUPMF,PAUPMF-0BHM7R.tif,TIF,FFPE_H&E_Image," 10,119,133,183 ",,,,,,,,,,
imaging_file,PAUPMJ,PAUPMJ-0BLFP6.tif,TIF,FFPE_H&E_Image," 8,067,398,863 ",,,,,,,,,,
imaging_file,PAUPUC,PAUPUC-0BHM93.tif,TIF,FFPE_H&E_Image," 5,749,487,559 ",,,,,,,,,,
imaging_file,PAUPVA,PAUPVA-0BNJYU.tif,TIF,FFPE_H&E_Image," 40,842,932,997 ",,,,,,,,,,
imaging_file,PAURAJ,PAURAJ-0BHLU3.tif,TIF,FFPE_H&E_Image," 17,645,619,657 ",,,,,,,,,,
imaging_file,PAURGH,PAURGH-0BHLXE.tif,TIF,FFPE_H&E_Image," 15,041,280,457 ",,,,,,,,,,
imaging_file,PAUSCH,PAUSCH-0BNKQ0.tif,TIF,FFPE_H&E_Image," 25,327,695,501 ",,,,,,,,,,
imaging_file,PAUSDR,PAUSDR-0BHMCW.tif,TIF,FFPE_H&E_Image," 21,986,939,681 ",,,,,,,,,,
imaging_file,PAUSIU,PAUSIU-0BN7L3.tif,TIF,FFPE_H&E_Image," 13,364,170,617 ",,,,,,,,,,
imaging_file,PAUSNP,PAUSNP-0BHMDY.tif,TIF,FFPE_H&E_Image," 2,363,878,893 ",,,,,,,,,,
imaging_file,PAUSPS,PAUSPS-0BNKSB.tif,TIF,FFPE_H&E_Image," 28,937,546,655 ",,,,,,,,,,
imaging_file,PAUSSC,PAUSSC-0BHMF6.tif,TIF,FFPE_H&E_Image," 4,900,266,473 ",,,,,,,,,,
imaging_file,PAUSVD,PAUSVD-0B6W2Y_C1.tif,TIF,FFPE_H&E_Image," 2,523,115,855 ",,,,,,,,,,
imaging_file,PAUSXJ,PAUSXJ-0BGD7K.tif,TIF,FFPE_H&E_Image," 13,206,080,891 ",,,,,,,,,,
imaging_file,PAUTDB,PAUTDB-0BHG5E.tif,TIF,FFPE_H&E_Image," 13,104,602,527 ",,,,,,,,,,
imaging_file,PAUTTP,PAUTTP-0BNL8O.tif,TIF,FFPE_H&E_Image," 8,650,028,391 ",,,,,,,,,,
imaging_file,PAUUAX,PAUUAX-0BHGYS.tif,TIF,FFPE_H&E_Image," 9,936,296,989 ",,,,,,,,,,
imaging_file,PAUUCM,PAUUCM-0BI54O_1.tif,TIF,FFPE_H&E_Image," 7,096,385,521 ",,,,,,,,,,
imaging_file,PAUUFC,PAUUFC-0BNLAA_6.tif,TIF,FFPE_H&E_Image," 21,807,075,303 ",,,,,,,,,,
imaging_file,PAUUTF,PAUUTF-0BHMLL_B1.tif,TIF,FFPE_H&E_Image," 22,425,636,705 ",,,,,,,,,,
imaging_file,PAUUVJ,PAUUVJ-0BHH07_B1.tif,TIF,FFPE_H&E_Image," 5,909,766,527 ",,,,,,,,,,
imaging_file,PAUVTZ,PAUVTZ-0BG573_1A.tif,TIF,FFPE_H&E_Image," 12,452,666,567 ",,,,,,,,,,
imaging_file,PAUWFI,PAUWFI-0BLFOK_B1.tif,TIF,FFPE_H&E_Image," 1,869,809,027 ",,,,,,,,,,
imaging_file,PAUWXU,PAUWXU-0BN7UK_B.tif,TIF,FFPE_H&E_Image," 5,861,399,359 ",,,,,,,,,,
imaging_file,PAUXAW,PAUXAW-0BHH0D_C.tif,TIF,FFPE_H&E_Image," 15,172,972,733 ",,,,,,,,,,
imaging_file,PAUXEA,PAUXEA-0BHMVO_A1.tif,TIF,FFPE_H&E_Image," 15,659,564,555 ",,,,,,,,,,
imaging_file,PAUXEV,PAUXEV-0BNIRI.tif,TIF,FFPE_H&E_Image," 11,603,917,731 ",,,,,,,,,,
imaging_file,PAUXPX,PAUXPX-0BMXAM.tif,TIF,FFPE_H&E_Image," 3,537,740,035 ",,,,,,,,,,
imaging_file,PAUXSH,PAUXSH-0BN7XV_C1.tif,TIF,FFPE_H&E_Image," 6,417,869,857 ",,,,,,,,,,
imaging_file,PAUXVX,PAUXVX-0BMXAP.tif,TIF,FFPE_H&E_Image," 28,827,446,781 ",,,,,,,,,,
imaging_file,PAUYKU,PAUYKU-0BHH3A_A.tif,TIF,FFPE_H&E_Image," 9,212,474,143 ",,,,,,,,,,
imaging_file,PAVAFP,PAVAFP-0BMIJ6_A13.tif,TIF,FFPE_H&E_Image," 18,236,564,145 ",,,,,,,,,,
imaging_file,PAVAHF,PAVAHF-0BN83M.tif,TIF,FFPE_H&E_Image," 2,807,995,485 ",,,,,,,,,,
imaging_file,PAVAHI,PAVAHI-0BH992_A01.tif,TIF,FFPE_H&E_Image," 3,805,128,359 ",,,,,,,,,,
imaging_file,PAVAVJ,PAVAVJ-0BLFIU_A4.tif,TIF,FFPE_H&E_Image," 24,206,767,039 ",,,,,,,,,,
imaging_file,PAVAZS,PAVAZS-0BMIJ9_A2.tif,TIF,FFPE_H&E_Image," 8,559,322,181 ",,,,,,,,,,
imaging_file,PAVBAZ,PAVBAZ-0BHMZ0_A1.tif,TIF,FFPE_H&E_Image," 24,909,883,191 ",,,,,,,,,,
imaging_file,PAVBME,PAVBME-0BLEXU_1E.tif,TIF,FFPE_H&E_Image," 13,874,724,043 ",,,,,,,,,,
imaging_file,PAVBWN,PAVBWN-0BI54R_C1.tif,TIF,FFPE_H&E_Image," 3,209,833,501 ",,,,,,,,,,
imaging_file,PAVCGJ,PAVCGJ-0BGDBI_A1.tif,TIF,FFPE_H&E_Image," 29,973,941,347 ",,,,,,,,,,
imaging_file,PAVCHP,PAVCHP-0BLFHB_A3.tif,TIF,FFPE_H&E_Image," 8,287,897,335 ",,,,,,,,,,
imaging_file,PAVCTB,PAVCTB-0BLLXG_2.tif,TIF,FFPE_H&E_Image," 1,695,552,451 ",,,,,,,,,,
imaging_file,PAVESC,PAVESC-0BH995_6E.tif,TIF,FFPE_H&E_Image," 22,175,533,597 ",,,,,,,,,,
imaging_file,PAVFDL,PAVFDL-0BI54U_B1.tif,TIF,FFPE_H&E_Image," 12,486,853,177 ",,,,,,,,,,
imaging_file,PAVHUU,PAVHUU-0BI54X_2A.tif,TIF,FFPE_H&E_Image," 3,714,473,869 ",,,,,,,,,,
imaging_file,PAVHYZ,PAVHYZ-0AGUWM_A.tif,TIF,FFPE_H&E_Image," 12,401,309,025 ",,,,,,,,,,
imaging_file,PAVLFL,PAVLFL-0AJOPX_1b.tif,TIF,FFPE_H&E_Image," 10,582,095,515 ",,,,,,,,,,
imaging_file,PAVLSC,PAVLSC-0AJRBX_A4.tif,TIF,FFPE_H&E_Image," 25,910,930,311 ",,,,,,,,,,
imaging_file,PAVMVP,PAVMVP-0BLLXJ_1C.tif,TIF,FFPE_H&E_Image," 6,605,391,987 ",,,,,,,,,,
imaging_file,PAVNPZ,PAVNPZ-0ALJ2F_1F.tif,TIF,FFPE_H&E_Image," 26,066,240,493 ",,,,,,,,,,
imaging_file,PAVPSH,PAVPSH-0BI550_B4.tif,TIF,FFPE_H&E_Image," 28,937,536,301 ",,,,,,,,,,
imaging_file,PAVRAE,PAVRAE-0AMPY8_B6.tif,TIF,FFPE_H&E_Image," 28,788,252,443 ",,,,,,,,,,
imaging_file,PAVRNH,PAVRNH-0BI553_B1.tif,TIF,FFPE_H&E_Image," 3,130,892,699 ",,,,,,,,,,
imaging_file,PAVRSU,PAVRSU-0BI556_A2.tif,TIF,FFPE_H&E_Image," 5,577,240,725 ",,,,,,,,,,
imaging_file,PAVSCH,PAVSCH-0ANKA0_B26.tif,TIF,FFPE_H&E_Image," 14,949,630,255 ",,,,,,,,,,
imaging_file,PAVSGG,PAVSGG-0BLLXM_1C.tif,TIF,FFPE_H&E_Image," 2,120,369,945 ",,,,,,,,,,
imaging_file,PAVSPZ,PAVSPZ-0BI559_B1.tif,TIF,FFPE_H&E_Image," 6,730,167,893 ",,,,,,,,,,
imaging_file,PAVTKW,PAVTKW-0BI55C_B2.tif,TIF,FFPE_H&E_Image," 7,167,916,923 ",,,,,,,,,,
imaging_file,PAVUKF,PAVUKF-0BI55F_1.tif,TIF,FFPE_H&E_Image," 6,422,255,041 ",,,,,,,,,,
imaging_file,PAVVTY,PAVVTY-0ARPVZ_2A.tif,TIF,FFPE_H&E_Image," 2,672,821,483 ",,,,,,,,,,
imaging_file,PAVVUV,PAVVUV-0ARNYV_A13.tif,TIF,FFPE_H&E_Image," 26,212,777,921 ",,,,,,,,,,
imaging_file,PAVWUW,PAVWUW-0BMIJC_4.tif,TIF,FFPE_H&E_Image," 24,814,420,661 ",,,,,,,,,,
imaging_file,PAVWXT,PAVWXT-0BMIJF_1L.tif,TIF,FFPE_H&E_Image," 22,729,246,973 ",,,,,,,,,,
imaging_file,PAVXKW,PAVXKW-0BQPB7_A1_1.tif,TIF,FFPE_H&E_Image," 853,065,285 ",,,,,,,,,,
imaging_file,PAVXXG,PAVXXG-0BH998_A3.tif,TIF,FFPE_H&E_Image," 15,633,950,419 ",,,,,,,,,,
imaging_file,PAVZJY,PAVZJY-0BGUUT_B2.tif,TIF,FFPE_H&E_Image," 10,537,512,273 ",,,,,,,,,,
imaging_file,PAVZVD,PAVZVD-0BLRXO_2.tif,TIF,FFPE_H&E_Image," 8,877,529,767 ",,,,,,,,,,
imaging_file,PAWABV,PAWABV-0AUH6Z_A2.tif,TIF,FFPE_H&E_Image," 18,546,898,953 ",,,,,,,,,,
imaging_file,PAWBTM,PAWBTM-0BMIJR_P.tif,TIF,FFPE_H&E_Image," 28,801,286,197 ",,,,,,,,,,
imaging_file,PAWBUH,PAWBUH-0BGUUW_B1.tif,TIF,FFPE_H&E_Image," 19,693,698,449 ",,,,,,,,,,
imaging_file,PAWBZH,PAWBZH-0BGUUZ_A2.tif,TIF,FFPE_H&E_Image," 15,937,726,101 ",,,,,,,,,,
imaging_file,PAWDJF,PAWDJF-0BGUV2_A1.tif,TIF,FFPE_H&E_Image," 15,901,274,739 ",,,,,,,,,,
imaging_file,PAWDLM,PAWDLM-0BLLXP_A2.tif,TIF,FFPE_H&E_Image," 460,027,241 ",,,,,,,,,,
imaging_file,PAWEJL,PAWEJL-0BLRXT.tif,TIF,FFPE_H&E_Image," 3,101,911,611 ",,,,,,,,,,
imaging_file,PAWEPI,PAWEPI-0BGUV5_B2.tif,TIF,FFPE_H&E_Image," 37,990,715,969 ",,,,,,,,,,
imaging_file,PAWGJV,PAWGJV-0BO70X_A5_1.tif,TIF,FFPE_H&E_Image," 9,751,964,149 ",,,,,,,,,,
imaging_file,PAWHDA,PAWHDA-0BH99B_B16.tif,TIF,FFPE_H&E_Image," 27,477,971,363 ",,,,,,,,,,
imaging_file,PAWHTR,PAWHTR-0BI55L_3.tif,TIF,FFPE_H&E_Image," 8,461,207,781 ",,,,,,,,,,
imaging_file,PAWKDJ,PAWKDJ-0BMIK0_1.tif,TIF,FFPE_H&E_Image," 16,558,872,101 ",,,,,,,,,,
imaging_file,PAWLCX,PAWLCX-0BI55O_A.tif,TIF,FFPE_H&E_Image," 2,968,934,673 ",,,,,,,,,,
imaging_file,PAWLYZ,PAWLYZ-0BMIK3_B1.tif,TIF,FFPE_H&E_Image," 25,958,531,711 ",,,,,,,,,,
imaging_file,PAWMCH,PAWMCH-0BGUV8_B1.tif,TIF,FFPE_H&E_Image," 3,035,862,835 ",,,,,,,,,,
imaging_file,PAWMFL,PAWMFL-0BI55R_2.tif,TIF,FFPE_H&E_Image," 22,935,672,631 ",,,,,,,,,,
imaging_file,PAWPPI,PAWPPI-0BI55U_A2.tif,TIF,FFPE_H&E_Image," 3,024,439,713 ",,,,,,,,,,
imaging_file,PAWRJF,PAWRJF-0BMIK9_3.tif,TIF,FFPE_H&E_Image," 19,664,014,265 ",,,,,,,,,,
imaging_file,PAWRUL,PAWRUL-0BGUVB_C3.tif,TIF,FFPE_H&E_Image," 20,371,214,881 ",,,,,,,,,,
imaging_file,PAWVSZ,PAWVSZ-0BQPB8_A1_3.tif,TIF,FFPE_H&E_Image," 9,970,698,499 ",,,,,,,,,,
imaging_file,PAWVVD,PAWVVD-0BQPB9_A3_3.tif,TIF,FFPE_H&E_Image," 3,912,332,971 ",,,,,,,,,,
imaging_file,PAWWNV,PAWWNV-0BQPBA_C1_3.tif,TIF,FFPE_H&E_Image," 16,257,647,457 ",,,,,,,,,,
imaging_file,PAWXFU,PAWXFU-0B9DMK_1.tif,TIF,FFPE_H&E_Image," 8,928,969,609 ",,,,,,,,,,
imaging_file,PAWZJD,PAWZJD-0BQPBB_1E_3.tif,TIF,FFPE_H&E_Image," 18,655,470,373 ",,,,,,,,,,